Timestamp,User Count,Type,Name,Requests/s,Failures/s,50%,66%,75%,80%,90%,95%,98%,99%,99.9%,99.99%,100%,Total Request Count,Total Failure Count,Total Median Response Time,Total Average Response Time,Total Min Response Time,Total Max Response Time,Total Average Content Size
1773836096,0,,Aggregated,0.000000,0.000000,N/A,N/A,N/A,N/A,N/A,N/A,N/A,N/A,N/A,N/A,N/A,0,0,0,0.0,0,0,0
1773836097,5,,Aggregated,0.000000,0.000000,100,110,110,110,110,110,110,110,110,110,110,5,0,100.0,96.0899692001476,57.211782000194944,112.87752099997306,4426.6
1773836098,10,,Aggregated,0.000000,0.000000,72,100,100,100,110,110,110,110,110,110,110,11,0,72,74.48174263638727,16.138444000262098,112.87752099997306,4242.0
1773836099,15,,Aggregated,0.000000,0.000000,N/A,N/A,N/A,N/A,N/A,N/A,N/A,N/A,N/A,N/A,N/A,0,0,0,0.0,0,0,0
1773836100,20,,Aggregated,0.000000,0.000000,13,77,92,93,96,97,97,97,97,97,97,14,0,13,43.171463357176826,6.215645000338554,97.11976199969286,4203.357142857143
1773836101,25,,Aggregated,0.000000,0.000000,13,771773836101,50,,Aggregated,0.000000,0.000000,71,78,100,11773836102,30,,Aggregated,0.000000,0.000000,N/A,N/A1773836102,30,,Aggregated,0.000000,0.000000,N/A,N/A,N/A,N/A,N/A,N/A,N/A,N/A,N/A,N/A,N/A,0,0,0,0.0,0,0,0
1773836103,35,,Aggregated,0.000000,0.000000,17,41,50,55,75,76,76,76,76,76,76,20,0,15,29.765864150044763,5.987758000173926,76.21537300019554,4608.5
1773836104,40,,Aggregated,0.000000,0.000000,14,41,55,69,76,83,87,87,87,87,87,42,0,12,31.72612447619507,5.94590499986225,87.05876600015472,4470.166666666667
1773836105,45,,Aggregated,0.000000,0.000000,8,8,8,8,8,8,8,8,8,8,8,1,0,8.421736000400415,8.421736000400415,8.421736000400415,8.421736000400415,3653.0
1773836106,50,,Aggregated,0.000000,0.000000,16,74,91,96,200,200,21773836107,50,,Aggregated,0.000000,0.000000,12,25,38,55,110,210,210,210,210,210,210,57,0,12,40.51281451773836107,50,,Aggregated,0.000000,0.000000,11,18,28,54,96,200,200,200,200,200,200,53,0,11,36.90883926418672,5.863356999725511,199.61094299969773,4376.698113207547
1773836108,50,,Aggregated,0.000000,0.000000,N/A,N/A,N/A,N/A,N/A,N/A,N/A,N/A,N/A,N/A,N/A,0,0,0,0.0,0,0,0
1773836109,50,,Aggregated,0.000000,0.000000,37,53,67,71,77,77,89,89,89,89,89,25,0,37,42.20583908001572,8.188798999981373,88.56119299980492,4266.52
1773836110,50,,Aggregated,0.000000,0.000000,19,32,43,51,71,77,89,89,89,89,89,48,0,18,28.62420529166343,5.506260999936785,88.56119299980492,4179.375
1773836111,50,,Agg1773836112,50,,Aggregated,0.000000,0.000000,12,21,24,24,26,26,36,36,36,36,36,28,0,11,15.74928482141656,6.477936999999656,36.24252700001307,46351773836112,50,,Aggregated,0.000000,0.000000,10,12,16,21,21,24,24,24,24,24,24,30,0,10,12.558725866665554,6.318337000266183,24.46892099987963,4533.4
1773836113,50,,Aggregated,0.000000,0.000000,10,12,15,16,21,21,24,24,24,24,24,53,0,10,11.839872830186547,6.318337000266183,24.46892099987963,4671.433962264151
1773836114,50,,Aggregated,0.000000,0.000000,9,9,9,9,9,9,9,9,9,9,9,1,0,8.942979000039486,8.942979000039486,8.942979000039486,8.942979000039486,3877.0
1773836115,50,,Aggregated,0.000000,0.000000,9,9,10,13,14,17,20,20,20,20,20,22,0,8,9.375066363707612,5.271886000173254,19.835639000120864,3662.181818181818
1773836116,50,,Aggregated,0.000000,1773836117,50,,Aggregated,0.000000,0.000000,7,7,7,7,7,7,7,7,7,7,7,1,0,6.610986999930901,6.610986999930901,6.6109869999309011773836117,50,,Aggregated,0.000000,0.000000,N/A,N/A,N/A,N/A,N/A,N/A,N/A,N/A,N/A,N/A,N/A,0,0,0,0.0,0,0,0
1773836118,50,,Aggregated,0.000000,0.000000,9,11,12,13,15,33,36,36,36,36,36,25,0,9,11.46026295993579,6.4480920000278275,35.71578899982342,4776.72
1773836119,50,,Aggregated,0.000000,0.000000,9,10,12,12,15,24,36,36,36,36,36,50,0,8,10.731088399943474,5.505589000222244,35.71578899982342,4743.1
1773836120,50,,Aggregated,0.000000,0.000000,7,7,7,7,7,7,7,7,7,7,7,1,0,6.6706420002446976,6.6706420002446976,6.6706420002446976,6.6706420002446976,5816.0
1773836121,50,,Aggregated,0.000000,0.000000,9,10,11,14,15,18,21,21,21,21,21,25,0,9,10.27777621773836122,50,,Aggregated,0.000000,0.000000,9,11,13,141773836122,50,,Aggregated,0.000000,0.000000,10,12,13,14,17,18,25,25,25,25,25,50,0,9,10.92998134001391,6.234848000076454,25.146392999886302,4266.78
1773836123,50,,Aggregated,0.000000,0.000000,8,8,8,8,8,8,8,8,8,8,8,1,0,7.902190000095288,7.902190000095288,7.902190000095288,7.902190000095288,3653.0
1773836124,50,,Aggregated,0.000000,0.000000,8,12,13,13,18,19,23,23,23,23,23,28,0,8,10.662303071415279,6.436918999952468,23.32443900013459,4494.678571428572
1773836125,50,,Aggregated,0.000000,0.000000,9,12,15,15,19,28,29,31,31,31,31,54,0,9,11.927229722223947,5.906810999931622,31.396630000017467,4268.351851851852
1773836126,50,,Aggregated,0.000000,0.000000,N/A,N/A,N/A,N/A,N/A,N/A,N/A,N/A,N/A,N/A,N/A,0,0,0,0.0,0,0,0
1773836127,50,,Aggregated,0.000000,0.000000,12,16,20,29,38,40,40,40,40,40,40,19,0,12,16.29302078945808,5.577744000220264,39.682942000126786,4478.631578947368
1773836128,50,,Aggregated,0.000000,0.000000,12,16,19,20,32,38,40,40,40,40,40,46,0,12,16.021620239153773,5.577744000220264,39.682942000126786,4602.391304347826
1773836129,50,,Aggregated,0.000000,0.000000,N/A,N/A,N/A,N/A,N/A,N/A,N/A,N/A,N/A,N/A,N/A,0,0,0,0.0,0,0,0
1773836130,50,,Aggregated,0.000000,0.000000,8,11,11,12,19,19,19,19,19,19,19,21,0,8,10.113212952308546,5.327943999873241,19.291238999812776,4096.285714285715
1773836131,50,,Aggregated,0.000000,0.000000,11,14,17,19,34,36,50,50,50,50,50,48,0,11,14.405501874961146,5.327943999873241,49.6644350000679,4078.75
1773836132,50,,Aggregated,0.000000,0.000000,11,11,11,11,11,11,11,11,11,11,11,2,0,8.004885999980615,9.373860999858152,8.004885999980615,10.74283599973569,4197.0
1773836133,50,,Aggregated,0.000000,0.000000,10,11,11,12,13,14,15,15,15,15,15,32,0,10,10.145722749925312,6.78063099985593,15.362466000169661,4578.90625
1773836134,50,,Aggregated,0.000000,0.000000,9,11,12,12,15,22,27,29,29,29,29,52,0,9,10.678379730716888,5.42429600000105,28.513289999864355,4636.692307692308
1773836135,50,,Aggregated,0.000000,0.000000,9,9,9,9,9,9,9,9,9,9,9,2,0,5.060264999883657,7.125515500092661,5.060264999883657,9.190766000301664,2419.5
1773836136,50,,Aggregated,0.000000,0.000000,10,14,18,18,25,30,31,31,31,31,31,32,0,10,13.460537625036295,5.060264999883657,31.37123699980293,4382.875
1773836137,50,,Aggregated,0.000000,0.000000,11,13,17,18,27,36,38,39,39,39,39,56,0,10,13.713606607154816,5.060264999883657,38.65949700002602,4416.321428571428
1773836138,50,,Aggregated,0.000000,0.000000,9,9,10,10,10,10,10,10,10,10,10,4,0,8,8.648352500017609,7.32222200031174,9.83183900007134,3733.0
1773836139,50,,Aggregated,0.000000,0.000000,12,15,16,17,22,24,27,27,27,27,27,32,0,11,13.010291937476381,5.8875589998024225,26.5203730000394,4361.84375
1773836140,50,,Aggregated,0.000000,0.000000,12,14,15,17,20,22,27,27,27,27,27,50,0,12,12.773668419977184,5.8875589998024225,26.5203730000394,4317.7
1773836141,50,,Aggregated,0.000000,0.000000,6,6,6,6,6,6,6,6,6,6,6,1,0,6.254637999973056,6.254637999973056,6.254637999973056,6.254637999973056,5816.0
1773836142,50,,Aggregated,0.000000,0.000000,9,11,13,13,16,17,41,41,41,41,41,24,0,9,11.080541416674805,6.000270999720669,41.470615999969596,4434.791666666667
1773836143,50,,Aggregated,0.000000,0.000000,10,12,13,14,17,18,41,41,41,41,41,49,0,10,11.200076959187067,6.000270999720669,41.470615999969596,4483.367346938776
1773836144,50,,Aggregated,0.000000,0.000000,8,8,8,8,8,8,8,8,8,8,8,1,0,8.106955000130256,8.106955000130256,8.106955000130256,8.106955000130256,3653.0
1773836145,50,,Aggregated,0.000000,0.000000,9,12,15,18,20,22,22,22,22,22,22,20,0,9,11.505433050001557,5.964009999843256,22.173134999775357,4773.65
1773836146,50,,Aggregated,0.000000,0.000000,11,12,15,16,20,22,23,32,32,32,32,52,0,10,12.022778326914144,5.569420000028913,32.4075419998735,4224.442307692308
1773836147,50,,Aggregated,0.000000,0.000000,29,29,29,29,29,29,29,29,29,29,29,2,0,10.08801299985862,19.29893299984542,10.08801299985862,28.50985299983222,4309.0
1773836148,50,,Aggregated,0.000000,0.000000,14,16,16,16,19,22,29,29,29,29,29,22,0,13,13.68712149997009,5.531343999791716,28.50985299983222,4368.818181818182
1773836149,50,,Aggregated,0.000000,0.000000,10,14,15,16,20,26,29,29,29,29,29,49,0,10,12.037021857116885,5.141748999903939,28.50985299983222,4344.530612244898
1773836150,50,,Aggregated,0.000000,0.000000,10,10,10,10,10,10,10,10,10,10,10,1,0,10.143450999748893,10.143450999748893,10.143450999748893,10.143450999748893,3653.0
1773836151,50,,Aggregated,0.000000,0.000000,10,12,14,15,18,20,20,20,20,20,20,29,0,10,11.207484758572186,6.120983999608143,20.05736599994634,4155.103448275862
1773836152,50,,Aggregated,0.000000,0.000000,11,14,18,20,26,39,42,45,45,45,45,59,0,11,14.49144991522066,6.120983999608143,44.90281100015636,4422.135593220339
1773836153,50,,Aggregated,0.000000,0.000000,N/A,N/A,N/A,N/A,N/A,N/A,N/A,N/A,N/A,N/A,N/A,0,0,0,0.0,0,0,0
1773836154,50,,Aggregated,0.000000,0.000000,10,11,13,13,21,25,29,29,29,29,29,30,0,9,11.51987143336252,5.538853000416566,29.049755000414734,4037.5333333333333
1773836155,50,,Aggregated,0.000000,0.000000,10,13,14,15,21,26,29,32,32,32,32,54,0,10,11.935946074050594,5.314675000136049,32.15506600008666,4427.555555555556
1773836156,50,,Aggregated,0.000000,0.000000,9,9,11,11,11,11,11,11,11,11,11,3,0,9,9.047632666655167,7.877062000261503,10.75717399999121,4448.666666666667
1773836157,50,,Aggregated,0.000000,0.000000,10,12,15,16,22,25,27,27,27,27,27,24,0,10,12.350797208360595,5.324783000105526,26.50925499983714,4504.208333333333
1773836158,50,,Aggregated,0.000000,0.000000,10,13,16,17,21,24,25,27,27,27,27,55,0,10,12.577040890945765,5.324783000105526,26.50925499983714,4478.818181818182
1773836159,50,,Aggregated,0.000000,0.000000,12,22,22,25,25,25,25,25,25,25,25,5,0,12,15.74091779993978,7.934947999729047,24.88695900001403,4463.0
1773836160,50,,Aggregated,0.000000,0.000000,11,14,15,15,20,22,25,25,25,25,25,32,0,11,12.46357774996909,6.943937999949412,24.88695900001403,4463.59375
1773836161,50,,Aggregated,0.000000,0.000000,11,14,15,16,20,22,23,25,25,25,25,55,0,11,12.26720905452484,5.820332999974198,24.88695900001403,4465.0
1773836162,50,,Aggregated,0.000000,0.000000,N/A,N/A,N/A,N/A,N/A,N/A,N/A,N/A,N/A,N/A,N/A,0,0,0,0.0,0,0,0
1773836163,50,,Aggregated,0.000000,0.000000,9,11,12,13,23,25,26,26,26,26,26,31,0,9,11.508589161357738,5.669561000104295,26.17357400004039,4545.064516129032
1773836164,50,,Aggregated,0.000000,0.000000,10,11,13,13,22,23,25,26,26,26,26,54,0,10,11.261579074109115,5.669561000104295,26.17357400004039,4445.981481481482
1773836165,50,,Aggregated,0.000000,0.000000,8,8,10,10,10,10,10,10,10,10,10,3,0,8,7.971267666713781,5.770494999978837,10.25497999989966,2887.0
1773836166,50,,Aggregated,0.000000,0.000000,9,10,12,12,13,17,23,23,23,23,23,26,0,8,9.924874615412941,5.770494999978837,23.33273000022018,4285.692307692308
1773836167,50,,Aggregated,0.000000,0.000000,9,11,13,13,20,22,23,23,23,23,23,48,0,9,10.872506625029624,5.770494999978837,23.33273000022018,4498.770833333333
1773836168,50,,Aggregated,0.000000,0.000000,9,9,24,24,24,24,24,24,24,24,24,6,0,8,13.363101333349428,7.0778559997961565,24.432364999938727,5153.5
1773836169,50,,Aggregated,0.000000,0.000000,10,14,16,20,24,29,30,30,30,30,30,34,0,9,13.02305370587847,6.1312879997785785,29.577505999895948,4611.176470588235
1773836170,50,,Aggregated,0.000000,0.000000,9,12,18,20,25,28,29,30,30,30,30,60,0,9,12.695373933320298,5.601663000106782,29.577505999895948,4644.933333333333
1773836171,50,,Aggregated,0.000000,0.000000,15,15,15,15,15,15,15,15,15,15,15,4,0,11,12.26788475014473,8.644250000088505,15.118141000129981,4465.75
1773836172,50,,Aggregated,0.000000,0.000000,11,13,15,17,23,28,39,39,39,39,39,26,0,9,12.912274615403545,5.764774999988731,38.69472599990331,4543.0
1773836173,50,,Aggregated,0.000000,0.000000,11,12,13,16,23,25,39,39,39,39,39,50,0,9,12.172958739965907,5.764774999988731,38.69472599990331,4423.3
1773836174,50,,Aggregated,0.000000,0.000000,7,7,11,11,11,11,11,11,11,11,11,3,0,7,8.109551333442747,6.485978999990039,10.729294000157097,1492.6666666666667
1773836175,50,,Aggregated,0.000000,0.000000,13,15,17,18,22,29,30,30,30,30,30,28,0,11,13.799130642886277,6.485978999990039,30.39400600027875,4215.392857142857
1773836176,50,,Aggregated,0.000000,0.000000,11,15,17,18,24,27,30,30,30,30,30,50,0,11,13.190635560013106,5.333809000148904,30.39400600027875,4271.5
1773836177,50,,Aggregated,0.000000,0.000000,14,14,14,14,15,15,15,15,15,15,15,6,0,13,12.190527499948681,8.209305000036693,14.572740999938105,4441.666666666667
1773836178,50,,Aggregated,0.000000,0.000000,13,16,17,19,24,25,26,26,26,26,26,26,0,13,14.176443807662928,6.345162000343407,25.985792000028596,4335.7307692307695
1773836179,50,,Aggregated,0.000000,0.000000,12,15,16,17,21,24,26,26,26,26,26,47,0,12,12.745047829779883,6.138330999874597,25.985792000028596,4636.446808510638
1773836180,50,,Aggregated,0.000000,0.000000,9,9,9,9,13,13,13,13,13,13,13,6,0,8,8.866904000039236,7.252799000070809,12.988427999971464,4297.666666666667
1773836181,50,,Aggregated,0.000000,0.000000,9,10,10,12,20,22,38,38,38,38,38,29,0,9,10.83146965518232,6.249564999961876,37.813894000009896,4631.3448275862065
1773836182,50,,Aggregated,0.000000,0.000000,9,10,12,14,20,26,31,38,38,38,38,57,0,9,11.524276210517806,5.840267999701609,37.813894000009896,4302.017543859649
1773836183,50,,Aggregated,0.000000,0.000000,9,9,9,9,9,9,9,9,9,9,9,3,0,9,8.077215666617121,6.428547999803413,9.252629000002344,4736.666666666667
1773836184,50,,Aggregated,0.000000,0.000000,9,11,13,17,22,27,29,29,29,29,29,33,0,9,11.383822242392357,5.9510240002964565,29.042167000170593,4556.545454545455
1773836185,50,,Aggregated,0.000000,0.000000,9,13,18,19,23,29,38,43,43,43,43,57,0,9,12.758885491214306,5.291152000154398,43.12195400007113,4476.596491228071
1773836186,50,,Aggregated,0.000000,0.000000,11,16,16,19,19,19,19,19,19,19,19,5,0,11,12.924310600010358,8.679519999986951,18.683500999941316,3628.6
1773836187,50,,Aggregated,0.000000,0.000000,10,13,14,15,18,21,22,22,22,22,22,33,0,10,11.253328000031726,5.727473999741051,22.280162000242854,4520.30303030303
1773836188,50,,Aggregated,0.000000,0.000000,10,13,14,14,18,21,21,22,22,22,22,57,0,10,11.316342263151519,5.727473999741051,22.280162000242854,4487.263157894737
1773836189,50,,Aggregated,0.000000,0.000000,16,19,21,21,29,29,29,29,29,29,29,8,0,12,15.411688624908493,7.820888999958697,29.35634300001766,4570.875
1773836190,50,,Aggregated,0.000000,0.000000,9,12,15,16,20,21,29,29,29,29,29,32,0,9,11.52566540628186,6.2140439999893715,29.35634300001766,4448.84375
1773836191,50,,Aggregated,0.000000,0.000000,9,10,12,13,19,20,21,29,29,29,29,61,0,9,10.50559808197145,5.041047999839066,29.35634300001766,4508.0
1773836192,50,,Aggregated,0.000000,0.000000,9,11,12,12,14,14,14,14,14,14,14,8,0,9,9.598189624966835,6.739323000147124,14.280215999860957,4521.75
1773836193,50,,Aggregated,0.000000,0.000000,10,12,12,13,16,18,18,18,18,18,18,34,0,9,10.520473647067561,5.946454000422818,18.154031999984,4490.117647058823
1773836194,50,,Aggregated,0.000000,0.000000,9,11,12,12,14,18,18,18,18,18,18,56,0,9,9.98657362497722,5.946454000422818,18.154031999984,4498.285714285715
1773836195,50,,Aggregated,0.000000,0.000000,12,17,17,20,20,20,20,20,20,20,20,5,0,12,13.557257400043454,8.407403000092017,19.59628500026156,5023.6
1773836196,50,,Aggregated,0.000000,0.000000,11,12,15,18,20,22,30,30,30,30,30,29,0,11,12.376279448321368,6.269064000207436,30.282054000053904,4842.586206896552
1773836197,50,,Aggregated,0.000000,0.000000,10,13,17,20,22,33,34,39,39,39,39,54,0,10,13.100865685205294,6.269064000207436,39.24062899977798,4495.462962962963
1773836198,50,,Aggregated,0.000000,0.000000,9,32,32,34,34,34,34,34,34,34,34,5,0,9,17.84929519999423,6.433181999909721,33.53980300016701,5032.0
1773836199,50,,Aggregated,0.000000,0.000000,9,11,12,18,30,32,34,34,34,34,34,25,0,9,12.54909631999908,5.522664999716653,33.53980300016701,4549.92
1773836200,50,,Aggregated,0.000000,0.000000,10,11,15,17,19,30,32,34,34,34,34,52,0,9,11.805324115392487,5.317137000020011,33.53980300016701,3998.673076923077
1773836201,50,,Aggregated,0.000000,0.000000,8,8,10,10,13,13,13,13,13,13,13,6,0,6.182311000429763,8.248819333402935,6.182311000429763,12.93309400034559,4248.166666666667
1773836202,50,,Aggregated,0.000000,0.000000,8,10,13,13,18,19,22,22,22,22,22,31,0,8,10.103228806494899,5.867764999948122,21.85795599962148,4664.0
1773836203,50,,Aggregated,0.000000,0.000000,9,11,13,13,18,22,23,30,30,30,30,58,0,8,10.535197827619351,5.867764999948122,30.428561000007903,4645.810344827586
1773836204,50,,Aggregated,0.000000,0.000000,34,34,34,34,34,34,34,34,34,34,34,2,0,29.268676999890886,31.556433500099956,29.268676999890886,33.84419000030903,5816.0
1773836205,50,,Aggregated,0.000000,0.000000,10,11,12,16,19,29,34,34,34,34,34,29,0,10,11.93183079311862,5.621591999897646,33.84419000030903,4575.517241379311
1773836206,50,,Aggregated,0.000000,0.000000,10,12,15,15,18,20,29,34,34,34,34,52,0,10,11.55102948075637,5.621591999897646,33.84419000030903,4653.7692307692305
1773836207,50,,Aggregated,0.000000,0.000000,8,15,15,16,16,16,16,16,16,16,16,5,0,8,10.424009800044587,6.420469000204321,15.707308000401099,4995.6
1773836208,50,,Aggregated,0.000000,0.000000,9,13,16,17,19,21,22,22,22,22,22,37,0,9,11.523358486519518,5.4051009997238,21.895354999742267,4407.7027027027025
1773836209,50,,Aggregated,0.000000,0.000000,10,12,16,17,19,22,24,24,24,24,24,53,0,10,11.74582369813439,5.4051009997238,24.125378000007913,4437.905660377359
1773836210,50,,Aggregated,0.000000,0.000000,13,13,16,16,16,16,16,16,16,16,16,4,0,10,11.664807499982999,7.775858000059088,15.506164000271383,4564.0
1773836211,50,,Aggregated,0.000000,0.000000,14,19,23,23,26,27,32,32,32,32,32,23,0,14,15.856791826022148,6.851520000054734,31.692576999830635,4750.739130434783
1773836212,50,,Aggregated,0.000000,0.000000,14,19,23,24,27,32,33,37,37,37,37,53,0,14,16.243728188603097,6.207067000104871,36.64028100001815,4681.679245283019
1773836213,50,,Aggregated,0.000000,0.000000,19,20,20,20,38,38,38,38,38,38,38,7,0,19,20.7258555714621,14.692582000407128,37.70256099960534,3569.285714285714
1773836214,50,,Aggregated,0.000000,0.000000,16,20,22,27,35,38,44,44,44,44,44,29,0,16,17.567090275923842,6.286218000241206,43.80982500015307,4319.586206896552
1773836215,50,,Aggregated,0.000000,0.000000,12,17,19,22,31,38,38,44,44,44,44,57,0,12,15.673004298270442,6.286218000241206,43.80982500015307,4496.2807017543855
1773836216,50,,Aggregated,0.000000,0.000000,9,9,10,10,11,11,11,11,11,11,11,6,0,8,8.779891333309328,7.086691000040446,11.048775999825011,4028.3333333333335
1773836217,50,,Aggregated,0.000000,0.000000,9,12,14,14,23,27,29,29,29,29,29,31,0,9,11.594194516126135,5.73738000002777,28.672586000084266,4250.806451612903
1773836218,50,,Aggregated,0.000000,0.000000,9,11,14,14,21,27,27,29,29,29,29,56,0,9,11.230608535722045,5.503891999978805,28.672586000084266,4275.785714285715
1773836219,50,,Aggregated,0.000000,0.000000,11,11,13,13,22,22,22,22,22,22,22,7,0,11,11.29187114299514,6.561184000020148,21.579768000265176,4458.428571428572
1773836220,50,,Aggregated,0.000000,0.000000,8,10,13,14,21,22,23,23,23,23,23,27,0,8,11.057830777796577,6.561184000020148,22.54452900024262,4137.074074074074
1773836221,50,,Aggregated,0.000000,0.000000,9,11,13,14,21,22,22,23,23,23,23,52,0,9,11.010671749991511,5.459969000185083,22.54452900024262,4226.903846153846
1773836222,50,,Aggregated,0.000000,0.000000,8,8,15,15,15,15,15,15,15,15,15,4,0,8,9.822475499959182,7.753310999760288,15.461586999663268,4564.0
1773836223,50,,Aggregated,0.000000,0.000000,8,8,9,9,9,14,15,15,15,15,15,31,0,8,8.205129258018836,5.530908000309864,15.461586999663268,4778.258064516129
1773836224,50,,Aggregated,0.000000,0.000000,8,9,9,9,13,14,15,16,16,16,16,55,0,8,8.879548490900065,5.530908000309864,15.975643000274431,4647.090909090909
1773836225,50,,Aggregated,0.000000,0.000000,9,9,10,10,10,10,10,10,10,10,10,4,0,8,8.567944750097922,7.205685999906564,9.505805000117107,4521.75
1773836226,50,,Aggregated,0.000000,0.000000,9,10,10,11,12,12,16,16,16,16,16,34,0,9,9.284776264715166,6.314334999842686,16.3259939999989,4611.470588235294
1773836227,50,,Aggregated,0.000000,0.000000,9,9,10,11,12,14,14,16,16,16,16,54,0,9,9.208487166663165,6.0492009997688,16.3259939999989,4480.148148148148
1773836228,50,,Aggregated,0.000000,0.000000,9,17,19,19,20,20,20,20,20,20,20,8,0,8,11.862339000060729,7.3071269998763455,19.772738000028767,4942.375
1773836229,50,,Aggregated,0.000000,0.000000,8,10,12,12,17,19,20,20,20,20,20,29,0,8,9.882030068967714,5.755914000019402,19.772738000028767,4540.241379310345
1773836230,50,,Aggregated,0.000000,0.000000,8,9,10,12,13,17,19,20,20,20,20,55,0,8,9.204889836341449,5.320328999914636,19.772738000028767,4540.854545454546
1773836231,50,,Aggregated,0.000000,0.000000,9,11,13,13,14,14,14,14,14,14,14,7,0,9,9.730849285655754,6.080117999772483,13.653579000219906,3852.285714285714
1773836232,50,,Aggregated,0.000000,0.000000,9,10,10,11,12,13,14,14,14,14,14,23,0,9,9.0650323043361,6.080117999772483,13.653579000219906,4355.0
1773836233,50,,Aggregated,0.000000,0.000000,9,10,11,12,17,27,33,34,34,34,34,56,0,9,10.870867517829604,6.080117999772483,34.29315499988661,4422.428571428572
1773836234,50,,Aggregated,0.000000,0.000000,13,13,14,14,14,14,14,14,14,14,14,4,0,9,11.26518599994597,8.358742000382335,14.441428999816708,4305.75
1773836235,50,,Aggregated,0.000000,0.000000,10,13,17,19,29,32,33,33,33,33,33,30,0,9,13.47595856668704,5.38819399980639,32.77419699998063,4680.1
1773836236,50,,Aggregated,0.000000,0.000000,10,11,14,15,19,29,32,33,33,33,33,54,0,10,12.3910753889302,5.38819399980639,32.77419699998063,4646.185185185185
1773836237,50,,Aggregated,0.000000,0.000000,19,26,32,32,38,38,38,38,38,38,38,8,0,10,17.929598999955942,6.173873000079766,37.67236200019397,4318.125
1773836238,50,,Aggregated,0.000000,0.000000,10,12,14,18,26,32,38,38,38,38,38,30,0,9,12.546101099981874,6.08868600011192,37.67236200019397,4103.333333333333
1773836239,50,,Aggregated,0.000000,0.000000,9,10,12,13,19,26,32,38,38,38,38,60,0,9,11.256616049968216,6.08868600011192,37.67236200019397,4277.816666666667
1773836240,50,,Aggregated,0.000000,0.000000,11,13,14,14,15,16,16,16,16,16,16,12,0,11,11.198514166684012,5.975593000130175,16.168956000001344,3362.0833333333335
1773836241,50,,Aggregated,0.000000,0.000000,9,10,11,11,13,15,16,16,16,16,16,35,0,9,9.532261714256103,5.779935000191472,16.168956000001344,4010.3142857142857
1773836242,50,,Aggregated,0.000000,0.000000,9,11,12,13,14,15,16,21,21,21,21,61,0,9,10.181804934425182,5.779935000191472,21.096980000038457,4237.704918032787
1773836243,50,,Aggregated,0.000000,0.000000,15,18,18,24,24,24,24,24,24,24,24,5,0,15,15.968863400030386,10.945891000119445,24.0300099999331,3715.6
1773836244,50,,Aggregated,0.000000,0.000000,10,12,13,15,18,22,24,24,24,24,24,35,0,10,11.593520114326695,6.056135000108043,24.0300099999331,4459.085714285714
1773836245,50,,Aggregated,0.000000,0.000000,10,12,14,16,20,24,33,33,33,33,33,50,0,10,12.115290240044487,6.056135000108043,33.26189900008103,4383.9
1773836246,50,,Aggregated,0.000000,0.000000,11,11,19,19,20,20,20,20,20,20,20,6,0,10,12.838126833457864,7.399129000077664,19.65356700020493,5153.5
1773836247,50,,Aggregated,0.000000,0.000000,9,9,10,11,11,19,20,20,20,20,20,32,0,8,9.268397031291897,6.148723000023892,19.65356700020493,4774.0
1773836248,50,,Aggregated,0.000000,0.000000,9,9,10,11,17,20,29,32,32,32,32,57,0,9,10.07207591230422,5.72405399998388,32.07341699999233,4430.438596491228
1773836249,50,,Aggregated,0.000000,0.000000,11,17,17,30,30,30,30,30,30,30,30,5,0,11,14.90096879997509,8.26370599997972,29.818010999861144,4381.8
1773836250,50,,Aggregated,0.000000,0.000000,9,11,12,13,17,19,30,30,30,30,30,28,0,9,10.79637417858846,6.195926000145846,29.818010999861144,4865.678571428572
1773836251,50,,Aggregated,0.000000,0.000000,9,12,13,13,19,24,32,32,32,32,32,50,0,9,11.295601679994434,5.3247850000843755,32.40141400010543,4650.66
1773836252,50,,Aggregated,0.000000,0.000000,13,13,13,13,13,13,13,13,13,13,13,2,0,12.188568000055966,12.453378500140388,12.188568000055966,12.718189000224811,3653.0
1773836253,50,,Aggregated,0.000000,0.000000,11,13,19,19,25,32,33,33,33,33,33,28,0,11,13.421942250066163,6.5905809997275355,32.84759200005283,4633.142857142857
1773836254,50,,Aggregated,0.000000,0.000000,11,13,16,18,20,32,32,33,33,33,33,56,0,10,12.770988035721789,6.01792999987083,32.84759200005283,4655.0
1773836255,50,,Aggregated,0.000000,0.000000,11,12,14,15,20,20,20,20,20,20,20,9,0,11,11.438908111156504,5.8732190000228,19.670131000111724,3678.222222222222
1773836256,50,,Aggregated,0.000000,0.000000,10,12,13,13,15,18,20,20,20,20,20,32,0,10,10.592405468742072,5.8732190000228,19.670131000111724,4100.40625
1773836257,50,,Aggregated,0.000000,0.000000,10,12,13,14,18,20,20,20,20,20,20,59,0,10,10.92440115255189,5.8732190000228,20.241169000200898,4222.661016949152
1773836258,50,,Aggregated,0.000000,0.000000,12,12,13,13,14,14,14,14,14,14,14,8,0,11,11.29943850003201,8.770704000198748,14.344175000132964,4949.25
1773836259,50,,Aggregated,0.000000,0.000000,11,13,14,17,18,19,20,20,20,20,20,25,0,11,12.048879320027481,6.083180000132415,20.121481999922253,4292.08
1773836260,50,,Aggregated,0.000000,0.000000,11,13,15,17,18,18,19,20,20,20,20,55,0,11,12.06056316364497,6.057315000361996,20.121481999922253,4413.145454545454
1773836261,50,,Aggregated,0.000000,0.000000,11,13,14,15,16,16,16,16,16,16,16,9,0,11,11.752544555596009,8.191945999897143,15.675385000122333,4659.444444444444
1773836262,50,,Aggregated,0.000000,0.000000,11,12,14,16,21,27,29,29,29,29,29,30,0,11,12.489268733330997,5.7269039998573135,28.98841599972002,4311.533333333334
1773836263,50,,Aggregated,0.000000,0.000000,10,11,12,13,18,21,29,29,29,29,29,49,0,10,11.51148416324666,5.7269039998573135,28.98841599972002,4387.448979591837
1773836264,50,,Aggregated,0.000000,0.000000,12,12,12,12,13,13,13,13,13,13,13,6,0,10,10.871846833348778,8.693587999914598,13.35686699985672,4867.666666666667
1773836265,50,,Aggregated,0.000000,0.000000,10,12,13,13,16,17,19,19,19,19,19,27,0,10,10.667457814785545,6.376482999712607,19.32855999984895,4781.0
1773836266,50,,Aggregated,0.000000,0.000000,10,12,13,16,21,29,37,38,38,38,38,54,0,10,12.378954796278979,6.196659000124782,38.497951999943325,4668.074074074074
1773836267,50,,Aggregated,0.000000,0.000000,11,11,11,16,16,16,16,16,16,16,16,5,0,11,10.852251600135787,8.419715999934851,15.68601500002842,4610.4
1773836268,50,,Aggregated,0.000000,0.000000,10,12,13,14,16,20,21,21,21,21,21,31,0,10,11.269541677422474,6.818027999997867,20.566247000260773,4653.4838709677415
1773836269,50,,Aggregated,0.000000,0.000000,9,11,12,13,16,20,20,21,21,21,21,59,0,9,10.546410779625148,6.314002000181063,20.566247000260773,4451.610169491525
1773836270,50,,Aggregated,0.000000,0.000000,8,10,13,13,19,19,19,19,19,19,19,7,0,8,9.977638999966334,6.212027999936254,18.837698999959684,4915.0
1773836271,50,,Aggregated,0.000000,0.000000,11,13,16,18,22,25,27,27,27,27,27,36,0,10,12.372035138885925,6.212027999936254,26.862330999847472,4199.277777777777
1773836272,50,,Aggregated,0.000000,0.000000,10,12,13,16,21,23,25,27,27,27,27,57,0,10,11.673584596505144,5.463891000090371,26.862330999847472,4050.2280701754385
1773836273,50,,Aggregated,0.000000,0.000000,14,15,17,17,18,18,18,18,18,18,18,10,0,12,12.528101099951527,6.712085999879491,18.309640000097716,4360.7
1773836274,50,,Aggregated,0.000000,0.000000,9,11,12,12,15,17,18,18,18,18,18,31,0,9,9.939434387096329,5.644118999953207,18.309640000097716,4249.0
1773836275,50,,Aggregated,0.000000,0.000000,9,9,11,12,15,17,17,18,18,18,18,53,0,9,9.689950773574893,5.644118999953207,18.309640000097716,4450.320754716981
1773836276,50,,Aggregated,0.000000,0.000000,10,10,12,14,16,24,24,24,24,24,24,13,0,10,10.955348076864679,6.995478999670013,23.78967700042267,4242.461538461538
1773836277,50,,Aggregated,0.000000,0.000000,9,10,13,14,14,20,24,24,24,24,24,37,0,9,10.203772297270032,5.871101999673556,23.78967700042267,4087.0
1773836278,50,,Aggregated,0.000000,0.000000,9,10,12,13,14,16,20,24,24,24,24,57,0,9,10.024829526293232,5.871101999673556,23.78967700042267,4149.368421052632
1773836279,50,,Aggregated,0.000000,0.000000,9,9,9,9,14,14,14,14,14,14,14,6,0,8,9.42551866667903,7.3740739999266225,14.476625000042986,4623.0
1773836280,50,,Aggregated,0.000000,0.000000,9,10,10,10,12,17,17,17,17,17,17,34,0,9,9.32224338236451,6.192878000092605,16.836864999731915,4563.029411764706
1773836281,50,,Aggregated,0.000000,0.000000,9,9,10,11,14,17,20,20,20,20,20,58,0,9,9.456429086216742,6.084877999910532,20.195585999772447,4453.086206896552
1773836282,50,,Aggregated,0.000000,0.000000,10,11,12,12,14,14,14,14,14,14,14,7,0,10,10.17244614286028,6.238670999664464,14.062312000078236,3927.285714285714
1773836283,50,,Aggregated,0.000000,0.000000,9,12,14,15,19,20,28,28,28,28,28,37,0,9,11.254381513542802,6.238670999664464,27.914402000078553,4406.5675675675675
1773836284,50,,Aggregated,0.000000,0.000000,9,11,14,15,20,22,25,28,28,28,28,55,0,9,11.269070454578799,6.125947999862547,27.914402000078553,4514.181818181818
1773836285,50,,Aggregated,0.000000,0.000000,16,20,21,21,25,26,26,26,26,26,26,11,0,16,16.362077090889215,9.03553699981785,26.30147299987584,4190.181818181818
1773836286,50,,Aggregated,0.000000,0.000000,12,13,14,16,21,25,26,26,26,26,26,26,0,11,12.84614449996997,7.417824999720324,26.30147299987584,4611.884615384615
1773836287,50,,Aggregated,0.000000,0.000000,10,12,12,13,16,21,25,26,26,26,26,53,0,10,11.187576849025854,6.2130380001690355,26.30147299987584,4527.490566037736
1773836288,50,,Aggregated,0.000000,0.000000,14,14,17,17,18,18,18,18,18,18,18,7,0,14,12.95299842870788,6.826738000199839,17.828934000135632,4638.0
1773836289,50,,Aggregated,0.000000,0.000000,11,14,17,18,22,24,30,30,30,30,30,27,0,11,12.930292074138883,6.3926090001587,30.250786000124208,4252.481481481482
1773836290,50,,Aggregated,0.000000,0.000000,9,12,15,17,22,34,35,36,36,36,36,52,0,9,12.506556403904002,5.535057000088273,35.909283999899344,4363.326923076923
1773836291,50,,Aggregated,0.000000,0.000000,18,20,25,27,28,36,36,36,36,36,36,15,0,18,17.08422113342749,5.476860000271699,35.874147999948036,4325.866666666667
1773836292,50,,Aggregated,0.000000,0.000000,9,13,15,19,25,28,36,36,36,36,36,34,0,9,12.662362323587384,5.476860000271699,35.874147999948036,4119.205882352941
1773836293,50,,Aggregated,0.000000,0.000000,10,11,13,17,22,27,28,36,36,36,36,58,0,9,12.152646017268815,5.476860000271699,35.874147999948036,4327.931034482759
1773836294,50,,Aggregated,0.000000,0.000000,10,10,12,12,18,18,18,18,18,18,18,6,0,9,10.73754083328519,6.828746999872237,18.004897000082565,4479.0
1773836295,50,,Aggregated,0.000000,0.000000,9,10,10,11,12,14,18,18,18,18,18,26,0,9,9.501316692316882,6.223892999969394,18.004897000082565,4110.923076923077
1773836296,50,,Aggregated,0.000000,0.000000,9,10,12,13,16,19,20,24,24,24,24,56,0,9,10.42695849997699,6.223892999969394,23.95638100006181,4330.660714285715
1773836297,50,,Aggregated,0.000000,0.000000,13,14,15,15,17,17,17,17,17,17,17,8,0,10,11.484506750036871,6.316233000234206,16.55874700009008,3899.25
1773836298,50,,Aggregated,0.000000,0.000000,10,11,12,13,14,15,17,17,17,17,17,34,0,10,10.608611235270741,6.316233000234206,16.55874700009008,4530.235294117647
1773836299,50,,Aggregated,0.000000,0.000000,10,11,13,14,17,20,20,23,23,23,23,60,0,10,11.04382958332432,6.116163999649871,22.535824999977194,4536.233333333334
1773836300,50,,Aggregated,0.000000,0.000000,8,9,9,9,21,22,22,22,22,22,22,11,0,8,10.268667363520349,5.571566999606148,22.233757999856607,4402.090909090909
1773836301,50,,Aggregated,0.000000,0.000000,9,13,15,15,18,21,22,22,22,22,22,33,0,9,11.249063393940808,5.571566999606148,22.233757999856607,4475.333333333333
1773836302,50,,Aggregated,0.000000,0.000000,10,13,15,16,21,22,24,25,25,25,25,59,0,10,11.730586830492676,5.571566999606148,24.942172000010032,4453.016949152542
1773836303,50,,Aggregated,0.000000,0.000000,9,9,12,12,13,13,13,13,13,13,13,6,0,9,9.994319999880949,7.77236499970968,13.139360999957717,4658.166666666667
1773836304,50,,Aggregated,0.000000,0.000000,10,13,15,16,19,19,24,24,24,24,24,30,0,10,11.905120566628588,6.241350999971473,23.840602999825933,4530.066666666667
1773836305,50,,Aggregated,0.000000,0.000000,10,11,15,16,18,19,22,24,24,24,24,55,0,10,11.483860090894185,6.241350999971473,23.840602999825933,4529.818181818182
1773836306,50,,Aggregated,0.000000,0.000000,10,10,10,18,18,18,18,18,18,18,18,5,0,10,11.330841000017244,8.638669999982085,17.94124699972599,4418.2
1773836307,50,,Aggregated,0.000000,0.000000,10,11,14,16,18,21,25,25,25,25,25,28,0,10,11.853768678552765,6.457138999849121,25.35871300005965,4470.75
1773836308,50,,Aggregated,0.000000,0.000000,10,11,13,14,16,18,21,25,25,25,25,52,0,10,11.1983129230916,6.457138999849121,25.35871300005965,4608.596153846154
1773836309,50,,Aggregated,0.000000,0.000000,10,10,10,10,10,10,10,10,10,10,10,4,0,10,9.11480299998857,6.20485599984022,10.321451999971032,3232.5
1773836310,50,,Aggregated,0.000000,0.000000,11,13,15,15,21,22,24,24,24,24,24,36,0,11,12.430185694433426,6.20485599984022,24.42753499963146,4042.6944444444443
1773836311,50,,Aggregated,0.000000,0.000000,10,12,13,14,20,21,22,24,24,24,24,59,0,10,11.366496711855426,5.654890999721829,24.42753499963146,4243.1016949152545
1773836312,50,,Aggregated,0.000000,0.000000,9,9,10,10,10,13,13,13,13,13,13,12,0,9,9.1919725000101,6.417254000098183,12.889442999949097,4211.5
1773836313,50,,Aggregated,0.000000,0.000000,9,10,13,13,27,35,36,36,36,36,36,39,0,9,11.733336333306328,5.924075999701017,35.81850699993083,4418.51282051282
1773836314,50,,Aggregated,0.000000,0.000000,9,10,11,13,19,27,35,36,36,36,36,62,0,9,11.31007303224725,5.924075999701017,35.81850699993083,4549.145161290323
1773836315,50,,Aggregated,0.000000,0.000000,9,9,10,10,12,12,12,12,12,12,12,7,0,9,9.03463200009875,6.4636210004209715,12.212075000206823,4948.857142857143
1773836316,50,,Aggregated,0.000000,0.000000,10,12,14,14,15,16,17,17,17,17,17,32,0,10,10.684555000025853,6.324781999865081,17.155501999695844,4379.1875
1773836317,50,,Aggregated,0.000000,0.000000,10,11,14,14,17,27,28,30,30,30,30,52,0,10,11.431233000018018,6.324781999865081,29.595670999697177,4381.75
1773836318,50,,Aggregated,0.000000,0.000000,9,9,9,13,13,13,13,13,13,13,13,5,0,9,9.489178800049558,7.406290000290028,13.136649999978545,4130.4
1773836319,50,,Aggregated,0.000000,0.000000,9,9,10,10,13,16,18,18,18,18,18,32,0,9,9.480350593733533,5.450383000152215,18.046536999918317,4544.875
1773836320,50,,Aggregated,0.000000,0.000000,9,9,11,12,14,18,20,21,21,21,21,54,0,9,9.927078888874044,5.275498000173684,20.679668999946443,4348.425925925926
1773836321,50,,Aggregated,0.000000,0.000000,10,14,19,19,26,26,26,26,26,26,26,7,0,10,13.474423714277302,7.912080000096466,26.22051000025749,5102.428571428572
1773836322,50,,Aggregated,0.000000,0.000000,10,10,12,14,18,20,26,26,26,26,26,32,0,10,10.97164184379551,6.0693529999298335,26.22051000025749,4836.34375
1773836323,50,,Aggregated,0.000000,0.000000,10,11,14,15,18,20,20,26,26,26,26,58,0,10,11.405923810375027,6.0693529999298335,26.22051000025749,4645.862068965517
1773836324,50,,Aggregated,0.000000,0.000000,11,12,17,17,20,22,22,22,22,22,22,11,0,11,12.524350091015632,6.427983000321547,21.90272100006041,4461.090909090909
1773836325,50,,Aggregated,0.000000,0.000000,9,10,10,11,13,20,22,22,22,22,22,38,0,9,9.575022315845528,6.165742000121099,21.90272100006041,4446.263157894737
1773836326,50,,Aggregated,0.000000,0.000000,9,10,11,11,15,19,22,22,22,22,22,62,0,9,9.829829000028116,6.165742000121099,22.18270699995628,4660.5161290322585
1773836327,50,,Aggregated,0.000000,0.000000,12,15,15,15,16,17,17,17,17,17,17,11,0,12,12.366170818123381,8.424861000094097,17.20233800006099,4461.090909090909
1773836328,50,,Aggregated,0.000000,0.000000,10,12,14,15,15,17,20,20,20,20,20,44,0,10,11.172100772713831,6.0363949996826705,19.84948400013309,4329.954545454545
1773836329,50,,Aggregated,0.000000,0.000000,10,11,13,14,15,17,18,20,20,20,20,58,0,10,10.694838810313113,6.0363949996826705,19.84948400013309,4301.448275862069
1773836330,50,,Aggregated,0.000000,0.000000,8,9,9,9,18,18,18,18,18,18,18,9,0,8,9.274515777835607,6.2407010000242735,17.865437000182283,3909.3333333333335
1773836331,50,,Aggregated,0.000000,0.000000,8,9,9,10,11,16,18,18,18,18,18,33,0,8,8.568972272755534,5.1556770004026475,17.865437000182283,4084.757575757576
1773836332,50,,Aggregated,0.000000,0.000000,8,9,10,10,16,18,23,24,24,24,24,54,0,8,9.401879629641135,5.1556770004026475,23.519531000147254,4221.833333333333
1773836333,50,,Aggregated,0.000000,0.000000,7,8,9,9,13,13,13,13,13,13,13,10,0,7,7.76018140004453,5.987380000078701,12.992245000077673,5333.4
1773836334,50,,Aggregated,0.000000,0.000000,8,9,9,10,13,15,18,18,18,18,18,38,0,8,8.661029342096969,5.368253000142431,17.696469999918918,4538.868421052632
1773836335,50,,Aggregated,0.000000,0.000000,8,9,10,11,14,15,18,19,19,19,19,62,0,8,9.249332483881107,5.368253000142431,18.92472200006523,4535.419354838709
1773836336,50,,Aggregated,0.000000,0.000000,8,9,14,14,16,16,16,16,16,16,16,12,0,8,10.066238750027878,6.888530999731302,16.36518800023623,4349.916666666667
1773836337,50,,Aggregated,0.000000,0.000000,13,16,20,21,29,30,35,35,35,35,35,41,0,13,14.750737829295181,6.306466999831173,34.80354500015892,4387.780487804878
1773836338,50,,Aggregated,0.000000,0.000000,9,13,16,20,23,29,30,35,35,35,35,67,0,9,12.854331447799078,6.306466999831173,34.80354500015892,4371.79104477612
1773836339,50,,Aggregated,0.000000,0.000000,9,11,13,13,15,16,16,16,16,16,16,11,0,9,9.863160272743698,6.006264999996347,15.603705000103218,4792.363636363636
1773836340,50,,Aggregated,0.000000,0.000000,8,9,10,11,15,18,22,22,22,22,22,35,0,8,9.465136542881478,5.886780000309955,22.138796000035654,4364.057142857143
1773836341,50,,Aggregated,0.000000,0.000000,9,9,10,11,13,16,18,22,22,22,22,66,0,9,9.427049212139206,5.325164999703702,22.138796000035654,4354.484848484848
1773836342,50,,Aggregated,0.000000,0.000000,11,12,14,14,25,27,27,27,27,27,27,16,0,10,12.288327812427724,6.323010999949474,27.366351999717153,4742.625
1773836343,50,,Aggregated,0.000000,0.000000,9,10,11,12,17,25,27,27,27,27,27,37,0,9,10.537260459435906,5.436251999981323,27.366351999717153,4491.27027027027
1773836344,50,,Aggregated,0.000000,0.000000,9,10,11,12,16,20,25,27,27,27,27,65,0,9,10.106887584599743,5.171928999970987,27.366351999717153,4416.861538461539
1773836345,50,,Aggregated,0.000000,0.000000,11,12,18,18,18,18,18,18,18,18,18,15,0,11,11.963121599971297,6.470927000009397,18.17733699999735,4419.066666666667
1773836346,50,,Aggregated,0.000000,0.000000,11,13,14,15,18,18,18,18,18,18,18,35,0,11,11.140338028560238,6.388026999957219,18.17733699999735,4704.542857142857
1773836347,50,,Aggregated,0.000000,0.000000,10,12,13,14,18,20,25,29,29,29,29,58,0,9,11.10589356894393,6.369318999986717,28.630896999857214,4596.068965517241
1773836348,50,,Aggregated,0.000000,0.000000,9,12,13,16,23,24,24,24,24,24,24,17,0,9,11.616643000038225,6.659661999947275,24.073355000382435,4166.176470588235
1773836349,50,,Aggregated,0.000000,0.000000,9,10,13,14,23,24,29,29,29,29,29,37,0,9,11.312810486509301,6.332207000014023,29.002591999869765,4538.72972972973
1773836350,50,,Aggregated,0.000000,0.000000,10,14,17,19,24,26,27,29,29,29,29,63,0,10,12.836598063514097,6.229037000139215,29.002591999869765,4518.190476190476
1773836351,50,,Aggregated,0.000000,0.000000,18,22,24,24,34,38,38,38,38,38,38,12,0,11,18.482469000029294,9.896448999825225,37.79903400027251,4138.0
1773836352,50,,Aggregated,0.000000,0.000000,10,11,11,12,23,34,38,38,38,38,38,38,0,10,12.408652157893428,6.398197000180517,37.79903400027251,4446.0
1773836353,50,,Aggregated,0.000000,0.000000,11,12,14,16,22,25,34,38,38,38,38,60,0,11,12.613363333328683,6.398197000180517,37.79903400027251,4446.933333333333
1773836354,50,,Aggregated,0.000000,0.000000,22,32,35,35,37,37,37,37,37,37,37,12,0,15,21.891643333409167,8.480023000174697,37.28220999983023,4054.5
1773836355,50,,Aggregated,0.000000,0.000000,10,11,14,17,34,37,37,37,37,37,37,37,0,10,13.856564675672809,5.828855999880034,37.28220999983023,4163.891891891892
1773836356,50,,Aggregated,0.000000,0.000000,10,12,15,17,29,34,37,37,37,37,37,67,0,10,13.366477477643118,5.665194000357587,37.28220999983023,4151.0298507462685
1773836357,50,,Aggregated,0.000000,0.000000,10,12,21,21,23,28,28,28,28,28,28,11,0,10,13.053201454567898,7.059594000111247,27.76392100031444,4049.090909090909
1773836358,50,,Aggregated,0.000000,0.000000,10,13,13,14,16,23,28,28,28,28,28,38,0,10,11.627286289479487,5.545813000026101,27.76392100031444,4225.421052631579
1773836359,50,,Aggregated,0.000000,0.000000,10,12,13,14,16,20,23,28,28,28,28,62,0,10,11.213919129079752,5.545813000026101,27.76392100031444,4313.177419354839
1773836360,50,,Aggregated,0.000000,0.000000,9,10,10,10,12,17,17,17,17,17,17,11,0,9,9.662368727276771,6.370779999997467,17.35194599996248,4595.727272727273
1773836361,50,,Aggregated,0.000000,0.000000,10,12,15,16,17,21,23,23,23,23,23,38,0,10,11.427019921029569,5.254057999991346,23.352147999958106,4485.5
1773836362,50,,Aggregated,0.000000,0.000000,10,12,13,15,17,20,21,23,23,23,23,62,0,10,11.014494064496713,5.254057999991346,23.352147999958106,4594.306451612903
1773836363,50,,Aggregated,0.000000,0.000000,8,9,10,10,11,11,11,11,11,11,11,8,0,8,8.610175625051397,7.007414999861794,11.411394999868207,4204.875
1773836364,50,,Aggregated,0.000000,0.000000,8,9,9,10,11,15,15,15,15,15,15,29,0,8,8.67580751719288,5.5318209997494705,15.421201999743062,4182.724137931034
1773836365,50,,Aggregated,0.000000,0.000000,9,9,10,12,16,21,26,32,32,32,32,62,0,9,10.322920112883132,5.5318209997494705,31.614999000339594,4424.129032258064
1773836366,50,,Aggregated,0.000000,0.000000,8,9,10,11,21,22,22,22,22,22,22,14,0,8,9.831844499948213,5.570747000092524,21.72504400004982,4113.071428571428
1773836367,50,,Aggregated,0.000000,0.000000,9,10,11,11,14,22,23,23,23,23,23,36,0,8,9.83941274998617,5.570747000092524,22.717177999766136,4512.777777777777
1773836368,50,,Aggregated,0.000000,0.000000,9,10,11,13,18,22,23,30,30,30,30,61,0,9,10.75864190163541,5.570747000092524,29.74361799988401,4576.868852459016
1773836369,50,,Aggregated,0.000000,0.000000,9,9,10,11,12,12,12,12,12,12,12,10,0,8,8.458621899990248,5.511897000360477,11.796272000083263,3659.4
1773836370,50,,Aggregated,0.000000,0.000000,10,11,12,12,17,20,27,27,27,27,27,42,0,10,11.05304183329281,5.511897000360477,26.91036200030794,4128.142857142857
1773836371,50,,Aggregated,0.000000,0.000000,10,11,12,13,17,19,21,27,27,27,27,72,0,9,10.804794944426199,5.295406000186631,26.91036200030794,4370.944444444444
1773836372,50,,Aggregated,0.000000,0.000000,8,9,10,10,12,13,13,13,13,13,13,11,0,8,8.901111454592451,6.178797999837116,12.68824399994628,4410.454545454545
1773836373,50,,Aggregated,0.000000,0.000000,9,12,13,14,21,24,25,25,25,25,25,35,0,9,11.554972571437768,6.178797999837116,24.74160400015535,4472.085714285714
1773836374,50,,Aggregated,0.000000,0.000000,9,11,13,14,17,22,24,25,25,25,25,63,0,9,11.099453873027544,6.134752999969351,24.74160400015535,4482.444444444444
1773836375,50,,Aggregated,0.000000,0.000000,9,12,13,15,16,16,16,16,16,16,16,10,0,8,10.001273399893762,6.469366000146692,15.825999999833584,3842.1
1773836376,50,,Aggregated,0.000000,0.000000,9,10,11,12,14,16,16,16,16,16,16,34,0,9,9.619260646987266,6.469366000146692,15.877178999744501,4593.529411764706
1773836377,50,,Aggregated,0.000000,0.000000,10,10,11,12,14,16,17,22,22,22,22,63,0,10,10.066175015809778,6.30806399976791,21.51114600019355,4438.936507936508
1773836378,50,,Aggregated,0.000000,0.000000,13,43,46,47,50,57,57,57,57,57,57,17,0,13,26.991516823567082,5.981135000183713,56.56599999974787,4817.235294117647
1773836379,50,,Aggregated,0.000000,0.000000,9,11,14,24,46,50,57,57,57,57,57,43,0,9,16.348287720966468,5.397551999976713,56.56599999974787,4797.604651162791
1773836380,50,,Aggregated,0.000000,0.000000,9,11,14,16,43,47,50,57,57,57,57,64,0,9,14.405696031289494,5.397551999976713,56.56599999974787,4750.109375
1773836381,50,,Aggregated,0.000000,0.000000,8,12,12,14,18,21,21,21,21,21,21,19,0,8,10.130819947359047,5.231620999893494,20.7915480000338,4169.0
1773836382,50,,Aggregated,0.000000,0.000000,9,11,12,12,18,18,21,21,21,21,21,36,0,8,9.955551166651983,5.231620999893494,20.7915480000338,4150.833333333333
1773836383,50,,Aggregated,0.000000,0.000000,9,11,12,13,18,18,20,21,21,21,21,69,0,9,10.270999028999421,5.184551000184001,20.7915480000338,4077.1304347826085
1773836384,50,,Aggregated,0.000000,0.000000,8,11,11,11,13,15,15,15,15,15,15,11,0,8,9.58523245447974,6.351038000047993,15.138943999772891,5051.0
1773836385,50,,Aggregated,0.000000,0.000000,10,11,13,13,15,18,19,19,19,19,19,36,0,9,10.56201808329307,6.2254350000330305,19.15310199956366,4769.194444444444
1773836386,50,,Aggregated,0.000000,0.000000,9,12,13,14,16,19,21,26,26,26,26,64,0,9,10.954639531227883,6.2254350000330305,26.484325000183162,4793.75
1773836387,50,,Aggregated,0.000000,0.000000,8,9,12,13,16,18,18,18,18,18,18,15,0,8,9.509623933354305,6.013161000282707,18.387893999715743,4654.266666666666
1773836388,50,,Aggregated,0.000000,0.000000,8,9,10,12,15,18,19,19,19,19,19,37,0,8,9.144222729741454,5.743703000007372,19.479605000015,4744.756756756757
1773836389,50,,Aggregated,0.000000,0.000000,8,9,12,13,16,19,22,22,22,22,22,69,0,8,9.901865057982185,5.165052999927866,21.760440999969433,4626.550724637681
1773836390,50,,Aggregated,0.000000,0.000000,9,9,11,11,12,14,14,14,14,14,14,16,0,8,8.757239874995548,5.776548000085313,14.258454999890091,4499.3125
1773836391,50,,Aggregated,0.000000,0.000000,9,9,11,11,13,15,22,22,22,22,22,38,0,9,9.197040552635372,5.776548000085313,21.569421000094735,4733.5
1773836392,50,,Aggregated,0.000000,0.000000,9,9,11,11,14,19,21,22,22,22,22,61,0,9,9.709220672142632,5.776548000085313,21.569421000094735,4714.311475409836
1773836393,50,,Aggregated,0.000000,0.000000,11,14,16,16,18,19,19,19,19,19,19,19,0,11,11.792485579007916,6.209251000200311,18.64452700010588,4409.736842105263
1773836394,50,,Aggregated,0.000000,0.000000,8,10,12,14,16,18,20,20,20,20,20,43,0,8,9.827472837239542,5.151508999915677,19.984249000117416,4513.906976744186
1773836395,50,,Aggregated,0.000000,0.000000,9,10,11,12,16,18,19,20,20,20,20,69,0,9,9.788287333368066,5.151508999915677,19.984249000117416,4450.144927536232
1773836396,50,,Aggregated,0.000000,0.000000,11,13,13,14,14,15,15,15,15,15,15,14,0,10,10.53061764287122,6.542724000155431,14.50825200026884,4812.428571428572
,4505.0298507462685
1773836396,50,,Aggregated,0.000000,0.000000,8,8,9,9,10,13,13,13,13,13,13,18,0,8,8.095938999935647,6.075740000142105,13.042857999607804,4441.833333333333
2,14,15,20,25,35,53,120,210,210,13515,0,10,12.494816669847456,5.003827000109595,211.09449400000813,4438.56699963004
1773836375,100,,Aggregated,50.200000,0.000000,10,12,14,15,20,25,35,53,120,210,210,13662,0,10,12.483935190015274,5.003827000109595,211.09449400000813,4438.7280778802515
1773836376,100,,Aggregated,50.200000,0.000000,10,12,14,15,20,25,35,53,120,210,210,13662,0,10,12.483935190015274,5.003827000109595,211.09449400000813,4438.7280778802515
1773836377,100,,Aggregated,50.200000,0.000000,10,12,14,15,20,25,35,53,120,210,210,13662,0,10,12.483935190015274,5.003827000109595,211.09449400000813,4438.7280778802515
1773836378,100,,Aggregated,50.300000,0.000000,10,12,14,15,20,25,35,52,120,210,210,13812,0,10,12.452901508976591,5.003827000109595,211.09449400000813,4438.0073124819
1773836379,100,,Aggregated,50.300000,0.000000,10,12,14,15,20,25,35,52,120,210,210,13812,0,10,12.452901508976591,5.003827000109595,211.09449400000813,4438.0073124819
1773836380,100,,Aggregated,50.300000,0.000000,10,12,14,15,20,25,35,52,120,210,210,13812,0,10,12.452901508976591,5.003827000109595,211.09449400000813,4438.0073124819
1773836381,100,,Aggregated,50.100000,0.000000,10,12,14,15,20,25,35,52,120,210,210,13955,0,10,12.45435589809998,5.003827000109595,211.09449400000813,4438.804944464349
1773836382,100,,Aggregated,50.100000,0.000000,10,12,14,15,20,25,35,52,120,210,210,13955,0,10,12.45435589809998,5.003827000109595,211.09449400000813,4438.804944464349
1773836383,100,,Aggregated,50.100000,0.000000,10,12,14,15,20,25,35,52,120,210,210,13955,0,10,12.45435589809998,5.003827000109595,211.09449400000813,4438.804944464349
1773836384,100,,Aggregated,48.900000,0.000000,10,12,14,15,20,25,35,52,120,210,210,14109,0,10,12.432670085972603,5.003827000109595,211.09449400000813,4437.621943440357
1773836385,100,,Aggregated,48.900000,0.000000,10,12,14,15,20,25,35,52,120,210,210,14109,0,10,12.432670085972603,5.003827000109595,211.09449400000813,4437.621943440357
1773836386,100,,Aggregated,48.900000,0.000000,10,12,14,15,20,25,35,52,120,210,210,14109,0,10,12.432670085972603,5.003827000109595,211.09449400000813,4437.621943440357
1773836387,100,,Aggregated,49.900000,0.000000,10,12,14,15,20,25,35,51,120,210,210,14253,0,10,12.41404758934858,5.003827000109595,211.09449400000813,4439.170069459061
1773836388,100,,Aggregated,49.900000,0.000000,10,12,14,15,20,25,35,51,120,210,210,14253,0,10,12.41404758934858,5.003827000109595,211.09449400000813,4439.170069459061
1773836389,100,,Aggregated,49.900000,0.000000,10,12,14,15,20,25,35,51,120,210,210,14253,0,10,12.41404758934858,5.003827000109595,211.09449400000813,4439.170069459061
1773836390,100,,Aggregated,49.600000,0.000000,10,12,14,15,20,25,34,51,120,210,210,14405,0,10,12.395751566885608,5.003827000109595,211.09449400000813,4439.779243318292
1773836391,100,,Aggregated,49.600000,0.000000,10,12,14,15,20,25,34,51,120,210,210,14405,0,10,12.395751566885608,5.003827000109595,211.09449400000813,4439.779243318292
1773836392,100,,Aggregated,49.600000,0.000000,10,12,14,15,20,25,34,51,120,210,210,14405,0,10,12.395751566885608,5.003827000109595,211.09449400000813,4439.779243318292
1773836393,100,,Aggregated,50.500000,0.000000,10,12,14,15,20,25,34,50,120,210,210,14554,0,10,12.372593313383877,5.003827000109595,211.09449400000813,4440.555448673904
1773836394,100,,Aggregated,50.500000,0.000000,10,12,14,15,20,25,34,50,120,210,210,14554,0,10,12.372593313383877,5.003827000109595,211.09449400000813,4440.555448673904
1773836395,100,,Aggregated,50.500000,0.000000,10,12,14,15,20,25,34,50,120,210,210,14554,0,10,12.372593313383877,5.003827000109595,211.09449400000813,4440.555448673904
1773836396,100,,Aggregated,49.800000,0.000000,10,12,14,15,20,25,34,50,120,210,210,14713,0,10,12.349558730034163,5.003827000109595,211.09449400000813,4440.844695167539
